Address,Score,Strict Same TX,NB TX,Sybil,Chain From First,Chain To First,Date First,Protocol First,Chain From Last,Chain To Last,Date Last,Protocol Last
0xff6bfad62a4029766fd74c58d382d80370ebd144,,,102,false,BNB Chain,Harmony,2023-05-31 16:14:42.000,Harmony Bridge,Celo Mainnet,Gnosis,2024-04-02 01:50:26.000,Merkly
0x5f17e171892588d6315f001c245657f6e7381b2f,82.87,6,95,false,BNB Chain,Harmony,2023-05-31 16:15:45.000,Harmony Bridge,Celo Mainnet,Gnosis,2024-04-02 02:14:41.000,Merkly
0x49600945d5ffbcafad432fefafdf68040862a11d,87.38,15,103,false,BNB Chain,Harmony,2023-05-31 16:16:48.000,Harmony Bridge,Celo Mainnet,Gnosis,2024-04-02 19:50:47.000,Merkly
0x30a33c7c3a0b99311b0c2c4a5246551ddf00deb3,82.67,10,105,false,BNB Chain,Harmony,2023-05-31 16:21:00.000,Harmony Bridge,Celo Mainnet,Gnosis,2024-04-10 03:38:19.000,Merkly
0x526f884e479f4d99fd2fc2fb660266e73dc39811,54.19,5,110,false,BNB Chain,Harmony,2023-05-31 16:22:03.000,Harmony Bridge,Celo Mainnet,Moonbeam,2024-04-10 13:59:02.000,Merkly
0xf21db0a9959e7bbbcad6d5664a9a8094fdc6efbb,87.50,11,105,false,BNB Chain,Harmony,2023-05-31 16:25:15.000,Harmony Bridge,Celo Mainnet,Moonbeam,2024-04-10 13:06:02.000,Merkly
0xa9a0e1800c6e33d96827bdb59a6ff8d2f88fa520,68.58,10,114,false,BNB Chain,Harmony,2023-05-31 16:26:18.000,Harmony Bridge,Celo Mainnet,Moonbeam,2024-04-10 15:37:22.000,Merkly
0x8bc71136b14d3994e7e1e95edc546b537a82a0b4,87.87,9,101,false,BNB Chain,Harmony,2023-05-31 16:27:21.000,Harmony Bridge,Celo Mainnet,Moonbeam,2024-04-10 12:54:57.000,Merkly
0x7e77bf92c857de812eada3e262091b4247bdd2d7,90.12,23,99,false,BNB Chain,Harmony,2023-05-31 16:30:30.000,Harmony Bridge,Celo Mainnet,Gnosis,2024-04-10 03:07:44.000,Merkly
0xe670701d63747358215ca860ba3e31666c1feba6,89.53,19,100,false,BNB Chain,Harmony,2023-05-31 16:32:36.000,Harmony Bridge,Celo Mainnet,Moonbeam,2024-04-09 22:02:39.000,Merkly
0x1b46c8cbb3b3d28542431364f64af182432ab6d3,85.37,7,104,false,BNB Chain,Harmony,2023-05-31 16:34:42.000,Harmony Bridge,Celo Mainnet,Moonbeam,2024-04-10 15:31:07.000,Merkly
0xc8decb3b0d732ed1e6454954b7ee11f0b84f3fe8,70.37,8,98,false,BNB Chain,Harmony,2023-05-31 16:35:45.000,Harmony Bridge,Celo Mainnet,Gnosis,2024-04-02 18:39:47.000,Merkly
0xf031eb566ffdce5e37b962ac14f5a8a22341d565,68.09,10,114,false,BNB Chain,Harmony,2023-05-31 16:37:51.000,Harmony Bridge,Celo Mainnet,Gnosis,2024-04-10 02:36:14.000,Merkly
0x485bb64d6966baead2121b9aedbffa0b36b83b50,69.09,5,111,false,BNB Chain,Harmony,2023-05-31 16:41:00.000,Harmony Bridge,Celo Mainnet,Moonbeam,2024-04-10 16:40:18.000,Merkly
0xd57dd3bb2238e732fbf281d712da77128b6f6d2b,86.15,11,101,false,BNB Chain,Harmony,2023-05-31 16:45:12.000,Harmony Bridge,Celo Mainnet,Gnosis,2024-04-02 00:59:41.000,Merkly
0xaefd2edf2dc606271adca079220fb8ca6ae09394,58.14,11,111,false,BNB Chain,Harmony,2023-05-31 16:47:18.000,Harmony Bridge,Celo Mainnet,Gnosis,2024-04-10 01:26:34.000,Merkly
0x26b18c73db9b531742111ac9a9a3dd4fbfd8f206,82.45,10,101,false,BNB Chain,Harmony,2023-05-31 16:49:24.000,Harmony Bridge,Celo Mainnet,Gnosis,2024-04-10 10:54:50.000,Merkly
0x66b256fea4843c3583d96f2d9ba46a2934620c75,88.85,18,105,false,BNB Chain,Harmony,2023-05-31 16:50:27.000,Harmony Bridge,Celo Mainnet,Gnosis,2024-04-10 10:52:20.000,Merkly
0x65acae3844261b299998b9b340c15ebf325d9eb3,52.99,8,128,false,BNB Chain,Harmony,2023-05-31 16:51:30.000,Harmony Bridge,Celo Mainnet,Gnosis,2024-04-10 00:12:14.000,Merkly
0xb345e7fc93eec01dc27f25ca3b8cadf4aceb629d,91.05,13,102,false,BNB Chain,Harmony,2023-05-31 16:52:33.000,Harmony Bridge,Celo Mainnet,Gnosis,2024-04-10 01:43:24.000,Merkly
0xc54aa2cbb130dca5204a40d8bdd166ba07813d10,65.34,10,114,false,BNB Chain,Harmony,2023-05-31 16:53:30.000,Harmony Bridge,Celo Mainnet,Gnosis,2024-04-10 00:15:14.000,Merkly
0xae5ff6e839dc8e4f390912973fed877301231eed,85.71,9,104,false,BNB Chain,Harmony,2023-05-31 16:54:33.000,Harmony Bridge,Celo Mainnet,Gnosis,2024-04-10 02:14:44.000,Merkly
0x31ace1320968a7a23f1b0c414d9cdfa42947d54d,70.12,8,107,false,BNB Chain,Harmony,2023-05-31 16:57:00.000,Harmony Bridge,Celo Mainnet,Gnosis,2024-04-02 12:49:26.000,Merkly
0xa6155647937b2fe26c70d318d814000bba19269d,66.37,10,112,false,BNB Chain,Harmony,2023-05-31 16:58:03.000,Harmony Bridge,Celo Mainnet,Moonbeam,2024-04-10 11:31:31.000,Merkly
0x5d38d8729a1f0c84833256a6c8f808e26a8d3f4e,62.94,7,114,false,BNB Chain,Harmony,2023-05-31 16:59:06.000,Harmony Bridge,Celo Mainnet,Gnosis,2024-04-09 23:35:39.000,Merkly
0x2958c4c9a7e522741f75e764d5fcabf0c45591ae,70.83,8,116,false,BNB Chain,Harmony,2023-05-31 17:01:12.000,Harmony Bridge,Celo Mainnet,Moonbeam,2024-04-10 13:59:32.000,Merkly
0x7cb00a06e8aaba0708f195a4e0ced8cee88512bf,91.13,24,102,false,BNB Chain,Harmony,2023-05-31 17:03:15.000,Harmony Bridge,Celo Mainnet,Gnosis,2024-04-02 03:23:36.000,Merkly
0xffcc3b843d9442b8b5a865eedee98aa3841d5b30,84.17,10,101,false,BNB Chain,Harmony,2023-05-31 17:05:21.000,Harmony Bridge,Celo Mainnet,Gnosis,2024-04-10 06:22:19.000,Merkly
0x53a888085c936cc243a8f052ae369d0da206b8af,79.29,15,95,false,BNB Chain,Harmony,2023-05-31 17:06:24.000,Harmony Bridge,Celo Mainnet,Gnosis,2024-04-09 22:14:44.000,Merkly
0x92f3228ab608ae653f730810148d03cfb4be78ff,87.50,11,104,false,BNB Chain,Harmony,2023-05-31 17:09:33.000,Harmony Bridge,Celo Mainnet,Gnosis,2024-04-10 03:37:19.000,Merkly
0x34f8f2d111512d908d7ff0e5a9b210e985fb790d,60.71,9,109,false,BNB Chain,Harmony,2023-05-31 17:10:36.000,Harmony Bridge,Celo Mainnet,Gnosis,2024-04-10 10:55:20.000,Merkly
0xfc55239e2c1e88ba0a34ccdf92c4c3385e09b421,85.71,5,104,false,BNB Chain,Harmony,2023-05-31 17:13:48.000,Harmony Bridge,Celo Mainnet,Gnosis,2024-04-09 23:54:29.000,Merkly
0xa7df20a5703789ceb816cbc7d2152cadc6bb0fd5,74.51,12,106,false,BNB Chain,Harmony,2023-05-31 17:15:54.000,Harmony Bridge,Celo Mainnet,Gnosis,2024-04-02 14:20:31.000,Merkly
0xfcb8b49982be359ad0469dd0397337740a04577b,58.01,7,113,false,BNB Chain,Harmony,2023-05-31 17:16:57.000,Harmony Bridge,Celo Mainnet,Moonbeam,2024-04-10 13:12:57.000,Merkly
0x51e15e283bff22394baad6db4be7cb9a9e142527,83.01,7,103,false,BNB Chain,Harmony,2023-05-31 17:20:06.000,Harmony Bridge,Celo Mainnet,Gnosis,2024-04-10 01:15:54.000,Merkly
0xbf91339990b52765d0953802fc2154b5c417b0e3,69.63,13,108,false,BNB Chain,Harmony,2023-05-31 17:21:09.000,Harmony Bridge,Celo Mainnet,Gnosis,2024-04-10 01:07:34.000,Merkly
0xdc5ed244f73bd9322e1138a9183b466888cccd26,66.50,8,113,false,BNB Chain,Harmony,2023-05-31 17:25:06.000,Harmony Bridge,Celo Mainnet,Moonbeam,2024-04-10 13:52:42.000,Merkly
0xe6e1312cd7aba9b2d06c1b82931c51f48cc62c48,85.54,9,103,false,BNB Chain,Harmony,2023-05-31 17:26:03.000,Harmony Bridge,Celo Mainnet,Moonbeam,2024-04-10 16:41:18.000,Merkly
0xeef1b58da2628d24c0597b6063950d8d2bff38fc,83.33,11,101,false,BNB Chain,Harmony,2023-05-31 17:27:06.000,Harmony Bridge,Celo Mainnet,Gnosis,2024-04-10 10:45:00.000,Merkly
0x80791a7ce2d81dc194b958d3a32e49ad6f392717,62.79,9,114,false,BNB Chain,Harmony,2023-05-31 17:28:09.000,Harmony Bridge,Celo Mainnet,Moonbeam,2024-04-10 14:25:52.000,Merkly
0x5364765299f210eea871f2e9a2b92a2a779c0b96,49.53,4,116,false,BNB Chain,Harmony,2023-05-31 17:29:12.000,Harmony Bridge,Celo Mainnet,Gnosis,2024-04-10 01:23:24.000,Merkly
0x8b41064c437fd55f79b0d1586b5ecd7e969d2cee,77.67,16,94,false,BNB Chain,Harmony,2023-05-31 17:30:15.000,Harmony Bridge,Celo Mainnet,Gnosis,2024-04-02 14:03:41.000,Merkly
0x79f79b369567b555919430ad200e36359a7de2cb,86.57,15,106,false,BNB Chain,Harmony,2023-05-31 17:31:18.000,Harmony Bridge,Celo Mainnet,Moonbeam,2024-04-10 11:35:16.000,Merkly
0xfff29e98f588cd7f82720b975428c0c30077b8fa,61.72,10,114,false,BNB Chain,Harmony,2023-05-31 17:32:21.000,Harmony Bridge,Celo Mainnet,Gnosis,2024-04-10 04:00:19.000,Merkly
0xd8191e86377f4f3a2528b9d99f47282756a076fc,68.09,12,115,false,BNB Chain,Harmony,2023-05-31 17:34:21.000,Harmony Bridge,Celo Mainnet,Gnosis,2024-04-10 02:00:29.000,Merkly
0x05bc71937d4210dec31f588a5f7807aac66c99f7,65.29,9,113,false,BNB Chain,Harmony,2023-05-31 17:35:30.000,Harmony Bridge,Celo Mainnet,Gnosis,2024-04-10 04:03:54.000,Merkly
0x0f3bded90b0ab9c84751463c1695613ba0207386,68.50,13,92,false,BNB Chain,Harmony,2023-05-31 17:39:42.000,Harmony Bridge,Celo Mainnet,Moonbeam,2024-04-10 11:11:20.000,Merkly
0x852baede513774f67283fc246ea0bd8e0bb2a1ea,50.76,9,122,false,BNB Chain,Harmony,2023-05-31 17:42:51.000,Harmony Bridge,Celo Mainnet,Gnosis,2024-04-10 02:10:04.000,Merkly
0xa72ba79e03424a2b1060ddbe1482c6db810f7872,85.34,11,99,false,BNB Chain,Harmony,2023-05-31 17:48:07.000,Harmony Bridge,Celo Mainnet,Gnosis,2024-04-10 02:14:14.000,Merkly
0x1a6d1448f5fd84b8568e3c1eacdfb9f38b27e0be,73.14,15,92,false,BNB Chain,Harmony,2023-05-31 17:49:10.000,Harmony Bridge,Celo Mainnet,Gnosis,2024-04-02 12:28:26.000,Merkly
0xf2322aabeefd6af15e08194f4a3e36e5938e9886,53.19,6,116,false,BNB Chain,Harmony,2023-05-31 17:50:13.000,Harmony Bridge,Celo Mainnet,Gnosis,2024-04-09 23:16:14.000,Merkly
0xa5b82d4b509e0afbe81cb76387e34231f7a49b0e,78.60,7,96,false,BNB Chain,Harmony,2023-05-31 17:52:19.000,Harmony Bridge,Celo Mainnet,Gnosis,2024-04-10 03:23:04.000,Merkly
0x1884c405fca81ab7a41e43516b385214835beda6,66.74,10,118,false,BNB Chain,Harmony,2023-05-31 17:53:22.000,Harmony Bridge,Celo Mainnet,Gnosis,2024-04-02 03:35:46.000,Merkly
0xe166cc3eea81fc55333c614e67ece47794e6c537,84.75,11,104,false,BNB Chain,Harmony,2023-05-31 17:54:25.000,Harmony Bridge,Celo Mainnet,Moonbeam,2024-04-10 12:44:06.000,Merkly
0xb4b5e98b928d2fb9f61a8820deff322b1683a726,72.21,7,107,false,BNB Chain,Harmony,2023-05-31 17:55:28.000,Harmony Bridge,Celo Mainnet,Gnosis,2024-04-10 00:58:39.000,Merkly
0x0905f39e01f5ebb3c1fb530a9e206fbc3b9c111d,62.43,7,110,false,BNB Chain,Harmony,2023-05-31 17:56:37.000,Harmony Bridge,Celo Mainnet,Moonbeam,2024-04-10 13:20:47.000,Merkly
0xa5fb7e18397dc8308c6a7c1642d0d5d5c3fecaa1,61.37,5,112,false,BNB Chain,Harmony,2023-05-31 17:59:46.000,Harmony Bridge,Celo Mainnet,Gnosis,2024-04-09 23:05:29.000,Merkly
0x3b296b2413c30a8b7b5c013ae09804afeeaed6db,52.79,6,119,false,BNB Chain,Harmony,2023-05-31 18:00:49.000,Harmony Bridge,Celo Mainnet,Moonbeam,2024-04-10 15:01:02.000,Merkly
0x9603d1b8826167fc1889855a465b84904ec5f3b2,82.23,12,98,false,BNB Chain,Harmony,2023-05-31 18:02:55.000,Harmony Bridge,Celo Mainnet,Moonbeam,2024-04-10 15:45:32.000,Merkly
0xa09231271fb796d51ed50e0731ad9b57699cc836,85.59,7,101,false,BNB Chain,Harmony,2023-05-31 18:03:55.000,Harmony Bridge,Celo Mainnet,Gnosis,2024-04-02 03:31:41.000,Merkly
0xdfb014f23ab4fd47667bcf81e56cd1f4d3a608f1,87.21,13,101,false,BNB Chain,Harmony,2023-05-31 18:04:58.000,Harmony Bridge,Celo Mainnet,Gnosis,2024-04-02 15:44:51.000,Merkly
0xf9e994ce2db742f52af5e5bcf18f5802173bd7f5,63.33,6,112,false,BNB Chain,Harmony,2023-05-31 18:07:13.000,Harmony Bridge,Celo Mainnet,Gnosis,2024-04-10 05:18:04.000,Merkly
0x53082ccb5b5772b55f402be12ddb8c18be771b75,61.57,6,112,false,BNB Chain,Harmony,2023-05-31 18:08:16.000,Harmony Bridge,Celo Mainnet,Gnosis,2024-04-10 02:49:14.000,Merkly
0x910572f8bde95c945b7b8eea26e7b95a3cdaba55,87.89,11,103,false,BNB Chain,Harmony,2023-05-31 18:11:25.000,Harmony Bridge,Celo Mainnet,Gnosis,2024-04-02 20:09:22.000,Merkly
0x9d777fc93f74e65a155f3d3aa84c7f680b7e72e6,76.08,11,108,false,BNB Chain,Harmony,2023-05-31 18:12:28.000,Harmony Bridge,Celo Mainnet,Gnosis,2024-04-02 16:46:26.000,Merkly
0x602a39372271756400d1885ab3f63f758e289037,55.44,6,120,false,BNB Chain,Harmony,2023-05-31 18:13:34.000,Harmony Bridge,Celo Mainnet,Gnosis,2024-04-09 22:37:49.000,Merkly
0x64b5d1fd145f271d41c5d35ec883bd0a4429f0d8,62.89,12,117,false,BNB Chain,Harmony,2023-05-31 18:14:37.000,Harmony Bridge,Celo Mainnet,Gnosis,2024-04-02 19:28:37.000,Merkly
0x58895ed1be5eedfcf11c61e8bbc563be52768502,87.33,8,98,false,BNB Chain,Harmony,2023-05-31 18:16:43.000,Harmony Bridge,Celo Mainnet,Gnosis,2024-04-02 17:03:01.000,Merkly
0x5c7acfe5cacf7eff8dd4cfd70800269568fc923f,83.01,11,94,false,BNB Chain,Harmony,2023-05-31 18:18:49.000,Harmony Bridge,Celo Mainnet,Moonbeam,2024-04-10 15:52:47.000,Merkly
0x519d570653e6a2c6dd534cd52962807b8252e864,60.39,9,118,false,BNB Chain,Harmony,2023-05-31 18:19:52.000,Harmony Bridge,Celo Mainnet,Gnosis,2024-04-10 01:15:24.000,Merkly
0x87cce33b3c5de9193f519f0f78fb2d3970fde648,72.18,13,109,false,BNB Chain,Harmony,2023-05-31 18:20:55.000,Harmony Bridge,Celo Mainnet,Gnosis,2024-04-10 03:03:39.000,Merkly
0x287df16ae6c0d6fd076a397f98d5b3f6ceaa39c5,81.86,20,109,false,BNB Chain,Harmony,2023-05-31 18:23:01.000,Harmony Bridge,Celo Mainnet,Gnosis,2024-04-10 02:05:09.000,Merkly
0x90ead149144a280254e489b297d9e4ab63983c70,82.87,15,96,false,BNB Chain,Harmony,2023-05-31 18:24:10.000,Harmony Bridge,Celo Mainnet,Gnosis,2024-04-02 01:39:46.000,Merkly
0x5e6c8230e9fb2468837228e5f2d180d6e17693bb,67.87,9,111,false,BNB Chain,Harmony,2023-05-31 18:25:13.000,Harmony Bridge,Celo Mainnet,Gnosis,2024-04-10 01:30:14.000,Merkly
0xec7984a8563d49f15d92abb3affcb8cdd5c60f1b,72.25,12,98,false,BNB Chain,Harmony,2023-05-31 18:28:01.000,Harmony Bridge,Celo Mainnet,Moonbeam,2024-04-10 12:23:41.000,Merkly
0x7ffd23035fe4c7eafbaa8c9e23d3078d0b7acec5,54.66,8,115,false,BNB Chain,Harmony,2023-05-31 18:29:04.000,Harmony Bridge,Celo Mainnet,Gnosis,2024-04-10 10:10:00.000,Merkly
0x9a9921cbd40481a3d6b19c35f1adbab12339b00e,85.00,8,108,false,BNB Chain,Harmony,2023-05-31 18:31:10.000,Harmony Bridge,Celo Mainnet,Moonbeam,2024-04-10 13:10:52.000,Merkly
0xbe58709bb350ffb7ea84ee89a6891e34b7ff159e,52.70,7,124,false,BNB Chain,Harmony,2023-05-31 18:32:13.000,Harmony Bridge,Celo Mainnet,Gnosis,2024-04-10 04:25:34.000,Merkly
0xebf1be8b6556745f318576e7798968102eef7bd0,86.67,16,105,false,BNB Chain,Harmony,2023-05-31 18:33:16.000,Harmony Bridge,Celo Mainnet,Gnosis,2024-04-10 10:44:00.000,Merkly
0x51d98557e578a145dc2ac4efeaf0f965b7e43f65,85.96,8,101,false,BNB Chain,Harmony,2023-05-31 18:34:19.000,Harmony Bridge,Celo Mainnet,Gnosis,2024-04-02 18:07:32.000,Merkly
0x6b4f3fedb5ece289f8ab928e451442fca5b9cac6,87.28,21,100,false,BNB Chain,Harmony,2023-05-31 18:35:22.000,Harmony Bridge,Celo Mainnet,Gnosis,2024-04-10 10:19:25.000,Merkly
0xa0b96d8c100a4903dda47603eeaa2f6fe5b21131,59.12,6,115,false,BNB Chain,Harmony,2023-05-31 18:36:25.000,Harmony Bridge,Celo Mainnet,Gnosis,2024-04-02 03:18:36.000,Merkly
0xb9ddcbd395648298bb927637520ecdf6f1766515,66.89,6,107,false,BNB Chain,Harmony,2023-05-31 18:37:28.000,Harmony Bridge,Celo Mainnet,Moonbeam,2024-04-10 15:21:47.000,Merkly
0xd2eb23ef180a3ee435b29318516567f4f8a8d78f,75.39,7,95,false,BNB Chain,Harmony,2023-05-31 18:39:34.000,Harmony Bridge,Celo Mainnet,Gnosis,2024-04-10 03:23:39.000,Merkly
0x86fe9e7d0117386afe7dba1d43b789a40c68c8c3,82.16,8,98,false,BNB Chain,Harmony,2023-05-31 18:42:43.000,Harmony Bridge,Celo Mainnet,Gnosis,2024-04-10 00:07:04.000,Merkly
0x26867c7c857fd76b2de296d40e4655d2fb0019ef,72.45,13,92,false,BNB Chain,Harmony,2023-05-31 18:43:43.000,Harmony Bridge,Celo Mainnet,Gnosis,2024-04-02 01:01:46.000,Merkly
0x4c54429d3cfa7bb7dd57e581789513f09ff08cc4,84.88,11,98,false,BNB Chain,Harmony,2023-05-31 18:44:46.000,Harmony Bridge,Celo Mainnet,Gnosis,2024-04-10 04:09:09.000,Merkly
0x4feafb24b006ef482db3449101f20b94a8e5f1f8,60.88,8,109,false,BNB Chain,Harmony,2023-05-31 18:53:35.000,Harmony Bridge,Celo Mainnet,Moonbeam,2024-04-10 12:28:26.000,Merkly
0x2ba8f0742c7752d987c35e85414280c2a82ccfa4,79.29,9,106,false,BNB Chain,Harmony,2023-05-31 18:55:27.000,Harmony Bridge,Celo Mainnet,Gnosis,2024-04-10 10:07:00.000,Merkly
0x29aee664cec93abfe8a66b37f9b1ad01bf5683a6,60.17,10,112,false,BNB Chain,Harmony,2023-05-31 18:57:33.000,Harmony Bridge,Celo Mainnet,Gnosis,2024-04-02 11:25:11.000,Merkly
0x146ff6da143a04f4e87b166fb9d4ebfb7230131e,56.45,9,130,false,BNB Chain,Harmony,2023-05-31 18:58:36.000,Harmony Bridge,Celo Mainnet,Gnosis,2024-04-10 02:25:24.000,Merkly
0xc8034118004b48adf2e6681fee038be9ac164989,86.32,8,104,false,BNB Chain,Harmony,2023-05-31 18:59:39.000,Harmony Bridge,Celo Mainnet,Moonbeam,2024-04-10 15:23:07.000,Merkly
0x2c11d29e12475efb49df0db9767e7cdb898f7acc,84.66,9,107,false,BNB Chain,Harmony,2023-05-31 19:01:45.000,Harmony Bridge,Celo Mainnet,Gnosis,2024-04-10 10:48:40.000,Merkly
0x44bf5ff89319f525ddf82270d9e0029e7c41b5f4,89.14,14,97,false,BNB Chain,Harmony,2023-05-31 19:02:48.000,Harmony Bridge,Celo Mainnet,Gnosis,2024-04-10 03:49:09.000,Merkly
0x4a648112dc1027ffc5885c12ad8610110faaeb0e,62.48,8,110,false,BNB Chain,Harmony,2023-05-31 19:04:07.000,Harmony Bridge,Celo Mainnet,Moonbeam,2024-04-10 11:55:11.000,Merkly
0x8b7f81430fe4fe4c9135e491c032cce46410a2fd,85.12,11,102,false,BNB Chain,Harmony,2023-05-31 19:06:13.000,Harmony Bridge,Celo Mainnet,Gnosis,2024-04-02 13:51:31.000,Merkly
0x93f6a4d46914ae51225011ccebffb921e28c3604,46.13,14,88,false,BNB Chain,Harmony,2023-05-31 19:10:25.000,Harmony Bridge,Celo Mainnet,Gnosis,2024-04-10 10:55:55.000,Merkly
0xad4e1a9c2cc62bba64cd3c718018a29b39a658d9,62.18,10,116,false,BNB Chain,Harmony,2023-05-31 19:11:28.000,Harmony Bridge,Celo Mainnet,Gnosis,2024-04-02 20:45:42.000,Merkly
0x9ef0a1ee31d119874e70eec30c01f4780f0622a9,68.65,4,109,false,BNB Chain,Harmony,2023-05-31 19:14:31.000,Harmony Bridge,Celo Mainnet,Moonbeam,2024-04-10 13:08:07.000,Merkly
0x837ce8da6bb7fe4c261ca2e1781196bb8f3b9b69,57.72,5,117,false,BNB Chain,Harmony,2023-05-31 19:15:34.000,Harmony Bridge,Celo Mainnet,Gnosis,2024-04-10 10:22:30.000,Merkly
0x141b6b4e93208d3d5d70fc3e6fac16a186f7509f,86.20,10,106,false,BNB Chain,Harmony,2023-05-31 19:16:37.000,Harmony Bridge,Celo Mainnet,Gnosis,2024-04-10 05:55:04.000,Merkly
0xd934923d7b146c24589f32ae45f376595ad56d5e,86.64,10,98,false,BNB Chain,Harmony,2023-05-31 19:17:40.000,Harmony Bridge,Celo Mainnet,Moonbeam,2024-04-10 12:21:36.000,Merkly
0x33eef2f3abd20b945db5fbf1fc39784336358f6f,62.67,7,120,false,BNB Chain,Harmony,2023-05-31 19:18:28.000,Harmony Bridge,Celo Mainnet,Moonbeam,2024-04-10 14:48:57.000,Merkly
0xec0190931fe64f0bbb750237bf0b3c588e096236,84.34,6,103,false,BNB Chain,Harmony,2023-05-31 19:19:31.000,Harmony Bridge,Celo Mainnet,Moonbeam,2024-04-10 13:30:52.000,Merkly
0xfd36684238244b859dfd087f09fdc211accade3b,66.86,9,111,false,BNB Chain,Harmony,2023-05-31 19:20:34.000,Harmony Bridge,Celo Mainnet,Moonbeam,2024-04-10 13:45:22.000,Merkly
0xf61c68c06b892f3402d9fd5f2fff8fa0cb9440f8,86.15,5,102,false,BNB Chain,Harmony,2023-05-31 19:21:37.000,Harmony Bridge,Celo Mainnet,Gnosis,2024-04-10 03:19:24.000,Merkly
0x6970b3046b3a4afef33874e48ef4e65572837f2d,86.59,7,102,false,BNB Chain,Harmony,2023-05-31 19:22:40.000,Harmony Bridge,Celo Mainnet,Moonbeam,2024-04-10 12:06:26.000,Merkly
0xc8c1196f6d29dbeec430cc99fd4a906c99e53d4d,57.13,6,115,false,BNB Chain,Harmony,2023-05-31 19:24:49.000,Harmony Bridge,Celo Mainnet,Gnosis,2024-04-10 05:36:49.000,Merkly
0x1e862adf4eff7d78d2d442c859c6b2b851fb2f75,88.95,10,106,false,BNB Chain,Harmony,2023-05-31 19:27:58.000,Harmony Bridge,Celo Mainnet,Gnosis,2024-04-10 00:57:09.000,Merkly
0x9dc3b17691c62b366d1edc9685061fcf88806e27,66.50,7,114,false,BNB Chain,Harmony,2023-05-31 19:30:04.000,Harmony Bridge,Celo Mainnet,Gnosis,2024-04-02 03:32:11.000,Merkly
0x9061d9a52a71044702b31c47a9b7d228551d5aaa,65.32,11,112,false,BNB Chain,Harmony,2023-05-31 19:31:07.000,Harmony Bridge,Celo Mainnet,Gnosis,2024-04-02 21:42:12.000,Merkly
0x82302edaf360644c527ba7427a2cdc6394f7bdf7,72.13,12,111,false,BNB Chain,Harmony,2023-05-31 19:32:10.000,Harmony Bridge,Celo Mainnet,Moonbeam,2024-04-10 12:05:56.000,Merkly
0xb48a4d1fef8695bbd11e08e6a3a90f24b1c1a897,66.52,8,110,false,BNB Chain,Harmony,2023-05-31 19:33:13.000,Harmony Bridge,Celo Mainnet,Gnosis,2024-04-10 03:05:09.000,Merkly
0xf9039011d683adc95df9e89b57b2abc680efac93,70.86,9,114,false,BNB Chain,Harmony,2023-05-31 19:35:40.000,Harmony Bridge,Celo Mainnet,Gnosis,2024-04-10 04:18:54.000,Merkly
0xa4164b413c8ed2cb13803043de75c02b6eed75e7,86.23,10,106,false,BNB Chain,Harmony,2023-05-31 19:36:43.000,Harmony Bridge,Celo Mainnet,Moonbeam,2024-04-10 12:19:01.000,Merkly
0x91187a3c953d5bd045f5010f665562478e361b41,87.21,15,105,false,BNB Chain,Harmony,2023-05-31 19:38:49.000,Harmony Bridge,Celo Mainnet,Gnosis,2024-04-10 10:48:05.000,Merkly
0x513c91b940f06fa107c5d8a49275594e3f623363,88.82,12,101,false,BNB Chain,Harmony,2023-05-31 19:39:52.000,Harmony Bridge,Celo Mainnet,Moonbeam,2024-04-10 14:15:42.000,Merkly
0xf13bfb61d412f80347495c7500897e9a0bb8bf82,66.86,9,116,false,BNB Chain,Harmony,2023-05-31 19:41:58.000,Harmony Bridge,Celo Mainnet,Gnosis,2024-04-10 01:29:09.000,Merkly
0x46a4917e0d3252983c6e8a87a2b7f2de534f2760,57.89,5,118,false,BNB Chain,Harmony,2023-05-31 19:45:54.000,Harmony Bridge,Celo Mainnet,Gnosis,2024-04-10 03:39:19.000,Merkly
0xc6ea98d2a5366c3898e18d313fb0c2d6ae06a6c8,60.69,7,122,false,BNB Chain,Harmony,2023-05-31 19:46:55.000,Harmony Bridge,Celo Mainnet,Moonbeam,2024-04-10 11:51:26.000,Merkly
0x149ea0c5ff9b975923c06cc0893661fc9478111a,82.57,8,106,false,BNB Chain,Harmony,2023-05-31 19:48:04.000,Harmony Bridge,Celo Mainnet,Moonbeam,2024-04-10 15:47:32.000,Merkly
0xb4479bcf883da2d7f40d237849f027b9e09a7466,80.56,5,101,false,BNB Chain,Harmony,2023-05-31 19:49:07.000,Harmony Bridge,Celo Mainnet,Gnosis,2024-04-02 18:03:57.000,Merkly
0xc4db28ccef814a5652ede996e89efb2ac57b3035,69.51,5,109,false,BNB Chain,Harmony,2023-05-31 19:50:10.000,Harmony Bridge,Celo Mainnet,Gnosis,2024-04-02 03:11:36.000,Merkly
0x84b29fe61135adb8e8d3b3d5b3c7b42235c48fdb,90.42,7,101,false,BNB Chain,Harmony,2023-05-31 19:52:16.000,Harmony Bridge,Celo Mainnet,Moonbeam,2024-04-10 11:11:50.000,Merkly
0x57e46aae856b5b47cde00b187a21b53ef79830da,66.23,7,116,false,BNB Chain,Harmony,2023-05-31 19:53:19.000,Harmony Bridge,Celo Mainnet,Gnosis,2024-04-02 11:24:11.000,Merkly
0x5ffab19ffb0dbbf30389f88bc29268828b796918,74.46,9,106,false,BNB Chain,Harmony,2023-05-31 19:55:40.000,Harmony Bridge,Celo Mainnet,Gnosis,2024-04-02 13:55:16.000,Merkly
0x9e7dd91a60c2d024a41a5eb007e7c575be170f12,78.58,12,108,false,BNB Chain,Harmony,2023-05-31 19:57:46.000,Harmony Bridge,Celo Mainnet,Gnosis,2024-04-02 02:57:21.000,Merkly
0xf5dc0982fa22cf2e9a76dcf7be97185180d7c61d,90.86,14,104,false,BNB Chain,Harmony,2023-05-31 19:58:49.000,Harmony Bridge,Celo Mainnet,Gnosis,2024-04-10 06:07:39.000,Merkly
0x1017382e4b224cb64cbcfae0656b04037743f6e5,85.20,6,108,false,BNB Chain,Harmony,2023-05-31 20:00:55.000,Harmony Bridge,Celo Mainnet,Gnosis,2024-04-10 05:54:04.000,Merkly
0x463dc74437188260063131e3def3a250bddc7245,84.66,14,95,false,BNB Chain,Harmony,2023-05-31 20:01:58.000,Harmony Bridge,Celo Mainnet,Moonbeam,2024-04-10 16:01:18.000,Merkly
0x82cad83147251a7aba6b1ecae9c9747a78125168,85.10,10,103,false,BNB Chain,Harmony,2023-05-31 20:03:01.000,Harmony Bridge,Celo Mainnet,Gnosis,2024-04-10 04:42:49.000,Merkly
0xa403fbcca9d3481860ded9c212a5150834dd7bc7,87.84,11,99,false,BNB Chain,Harmony,2023-05-31 20:04:04.000,Harmony Bridge,Celo Mainnet,Moonbeam,2024-04-10 13:16:37.000,Merkly
0x5f22d9c7d6e458ad7989475dc9ff53e0e51bcb63,64.41,7,112,false,BNB Chain,Harmony,2023-05-31 20:05:07.000,Harmony Bridge,Celo Mainnet,Moonbeam,2024-04-10 15:02:37.000,Merkly
0xb1869865821a131087aa8f331eb420787cff27ec,81.72,6,106,false,BNB Chain,Harmony,2023-05-31 20:05:55.000,Harmony Bridge,Celo Mainnet,Moonbeam,2024-04-10 16:51:03.000,Merkly
0xf421f9b92c460769cb39e6d0a8e43ffe6921a957,83.68,10,100,false,BNB Chain,Harmony,2023-05-31 20:06:58.000,Harmony Bridge,Celo Mainnet,Gnosis,2024-04-09 22:26:59.000,Merkly
0x333903c6110e5cf859791c0787ce3ea2d981f1ca,69.00,11,112,false,BNB Chain,Harmony,2023-05-31 20:11:10.000,Harmony Bridge,Celo Mainnet,Gnosis,2024-04-02 18:02:27.000,Merkly
0x83b2ace5070a25159432ed3c077c9cfec07e0e13,75.00,17,97,false,BNB Chain,Harmony,2023-05-31 20:15:22.000,Harmony Bridge,Celo Mainnet,Gnosis,2024-04-02 10:42:11.000,Merkly
0xcd43822be00198f70c26f7ffe7d9f495425b8260,87.89,6,103,false,BNB Chain,Harmony,2023-05-31 20:16:25.000,Harmony Bridge,Celo Mainnet,Gnosis,2024-04-02 02:21:31.000,Merkly
0x2161be8a96297bc62dd5015396f708b881c7027b,87.52,15,103,false,BNB Chain,Harmony,2023-05-31 20:20:37.000,Harmony Bridge,Celo Mainnet,Gnosis,2024-04-10 10:56:25.000,Merkly
0xf185abd3ad7a280f580de50339e1ab689321aa1b,82.62,11,100,false,BNB Chain,Harmony,2023-05-31 20:21:40.000,Harmony Bridge,Celo Mainnet,Gnosis,2024-04-09 23:51:24.000,Merkly
0x4a9a5f59f88f201b53d7a2d0508f856f2632de5e,77.92,5,93,false,BNB Chain,Harmony,2023-05-31 20:22:43.000,Harmony Bridge,Celo Mainnet,Gnosis,2024-04-02 13:54:46.000,Merkly
0xb10fb3d769e926c20af8cbf74e5af3da3745e7b2,88.68,12,103,false,BNB Chain,Harmony,2023-05-31 20:25:03.000,Harmony Bridge,Celo Mainnet,Gnosis,2024-04-10 05:25:24.000,Merkly
0xf931f09f9bbfebcb87d7dfaa450fdb44638bc59d,64.02,9,110,false,BNB Chain,Harmony,2023-05-31 20:28:12.000,Harmony Bridge,Celo Mainnet,Gnosis,2024-04-02 19:37:12.000,Merkly
0x7900a0ff497d4de674eed0e8c3408f8086414963,61.67,5,120,false,BNB Chain,Harmony,2023-05-31 20:29:15.000,Harmony Bridge,Celo Mainnet,Moonbeam,2024-04-10 13:20:17.000,Merkly
0xfef0f8d45e5f14f51507313044addc690e0d9139,65.37,5,112,false,BNB Chain,Harmony,2023-05-31 20:30:18.000,Harmony Bridge,Celo Mainnet,Gnosis,2024-04-10 01:38:24.000,Merkly
0x6cbb6f27f0f3acd0a0d575c4443ed32b82170916,51.30,4,130,false,BNB Chain,Harmony,2023-05-31 20:31:21.000,Harmony Bridge,Celo Mainnet,Gnosis,2024-04-02 01:48:56.000,Merkly
0x948af1669b86e5c2e72c9f60ee36dea9e62dbda9,62.82,12,120,false,BNB Chain,Harmony,2023-05-31 20:32:24.000,Harmony Bridge,Celo Mainnet,Moonbeam,2024-04-10 11:26:46.000,Merkly
0xc6696c24712edf2adb6add14341f6045f21e3b03,87.52,8,107,false,BNB Chain,Harmony,2023-05-31 20:34:27.000,Harmony Bridge,Celo Mainnet,Gnosis,2024-04-10 04:27:04.000,Merkly
0x9065d98e475c25e8fd8063efc62d948534e2e52d,62.60,6,113,false,BNB Chain,Harmony,2023-05-31 20:38:21.000,Harmony Bridge,Celo Mainnet,Gnosis,2024-04-10 06:05:29.000,Merkly
0xc522b2ce2aa9c5bd4d644a878010555ea57a5e7a,86.23,9,105,false,BNB Chain,Harmony,2023-05-31 20:39:24.000,Harmony Bridge,Celo Mainnet,Moonbeam,2024-04-10 16:37:08.000,Merkly
0xf576f7136c45ca0bb5af8c96659b12aa44710d03,64.07,5,109,false,BNB Chain,Harmony,2023-05-31 20:40:27.000,Harmony Bridge,Celo Mainnet,Gnosis,2024-04-09 23:52:59.000,Merkly
0x90f53325827f1f393b4eda5bb5683911516411b2,69.46,4,106,false,BNB Chain,Harmony,2023-05-31 20:42:33.000,Harmony Bridge,Celo Mainnet,Gnosis,2024-04-10 04:47:29.000,Merkly
0x94523a06cbc15d826a5e1462da24a3f053004462,63.50,7,109,false,BNB Chain,Harmony,2023-05-31 20:43:39.000,Harmony Bridge,Celo Mainnet,Gnosis,2024-04-10 10:43:00.000,Merkly
0x51adc61ae78c35be4bc998807e18fa2fd0c55220,73.53,13,93,false,BNB Chain,Harmony,2023-05-31 20:44:45.000,Harmony Bridge,Celo Mainnet,Gnosis,2024-04-09 23:25:09.000,Merkly
0x6d955076f55f83bb666817ba9bc355496f380ab3,88.73,13,103,false,BNB Chain,Harmony,2023-05-31 20:46:51.000,Harmony Bridge,Celo Mainnet,Gnosis,2024-04-09 22:18:49.000,Merkly
0x7792b6116cae3909ecac9f14c3d1509f8b30950a,68.75,6,107,false,BNB Chain,Harmony,2023-05-31 20:47:54.000,Harmony Bridge,Celo Mainnet,Moonbeam,2024-04-10 14:03:12.000,Merkly
0xfef9a72b610c63935b9aecfd88215cdae19dad84,82.84,11,102,false,BNB Chain,Harmony,2023-05-31 20:51:03.000,Harmony Bridge,Celo Mainnet,Gnosis,2024-04-10 03:17:54.000,Merkly
0xc157a3d128e4ec4e0bb8372d50cff1b0f0ac501a,54.98,17,87,false,BNB Chain,Harmony,2023-05-31 20:52:06.000,Harmony Bridge,Celo Mainnet,Gnosis,2024-04-02 02:58:51.000,Merkly
0xa66db674f6c66b231e77201695b4382234e1c155,75.49,15,108,false,BNB Chain,Harmony,2023-05-31 20:53:09.000,Harmony Bridge,Celo Mainnet,Moonbeam,2024-04-10 15:48:32.000,Merkly
0x139814be5c96781eac71c3b29549e87fe1dcf153,87.16,10,103,false,BNB Chain,Harmony,2023-05-31 20:55:36.000,Harmony Bridge,Celo Mainnet,Moonbeam,2024-04-10 11:43:06.000,Merkly
0x13a259d81d3367a04795b15fd429d484833a5d7e,59.24,11,87,false,BNB Chain,Harmony,2023-05-31 20:56:39.000,Harmony Bridge,Celo Mainnet,Gnosis,2024-04-10 05:45:39.000,Merkly
0xdd09cb0b7d8fcc65511700f6a3d47bc28b49df0f,91.23,19,103,false,BNB Chain,Harmony,2023-05-31 20:57:42.000,Harmony Bridge,Celo Mainnet,Gnosis,2024-04-09 23:16:44.000,Merkly
0xad2b2fa1e73a9e08c773b0609d529de992f359c3,58.82,8,92,false,BNB Chain,Harmony,2023-05-31 20:58:45.000,Harmony Bridge,Celo Mainnet,Gnosis,2024-04-09 23:33:04.000,Merkly
0xa2c1d50fe992a1f21fd849ab5198aa0a5d2d3d63,57.82,7,113,false,BNB Chain,Harmony,2023-05-31 20:59:48.000,Harmony Bridge,Celo Mainnet,Gnosis,2024-04-02 21:51:32.000,Merkly
0x7e345edbb8082de7eaf383ad3ec88a7ae923bd9f,75.25,13,110,false,BNB Chain,Harmony,2023-05-31 21:00:51.000,Harmony Bridge,Celo Mainnet,Gnosis,2024-04-09 23:40:59.000,Merkly
0xd032132683cab2e3dda7a882d9692c71ac030048,86.32,16,100,false,BNB Chain,Harmony,2023-05-31 21:01:54.000,Harmony Bridge,Celo Mainnet,Gnosis,2024-04-10 02:37:49.000,Merkly
0x3afc3c03c14a19ab2a8a27d60a27d4a8f9cf7715,87.06,11,101,false,BNB Chain,Harmony,2023-05-31 21:02:57.000,Harmony Bridge,Celo Mainnet,Gnosis,2024-04-10 00:05:29.000,Merkly
0xf0db525a754bfba82f9500f26e0cdf64af69dfe2,43.36,11,90,false,BNB Chain,Harmony,2023-05-31 21:06:48.000,Harmony Bridge,Celo Mainnet,Gnosis,2024-04-02 12:45:46.000,Merkly
0xea37125168ecae766a6c7dfd0a2ac7f39201272c,84.07,10,96,false,BNB Chain,Harmony,2023-05-31 21:07:51.000,Harmony Bridge,Celo Mainnet,Moonbeam,2024-04-10 14:35:52.000,Merkly
0xec34c12cc1c789c8780dfc93bdd264e4c5e0401c,64.31,6,115,false,BNB Chain,Harmony,2023-05-31 21:11:00.000,Harmony Bridge,Celo Mainnet,Moonbeam,2024-04-10 14:13:02.000,Merkly
0x7e5df15ec90d2b4cc75d8159e5b4e31da74b6c83,88.16,11,101,false,BNB Chain,Harmony,2023-05-31 21:13:06.000,Harmony Bridge,Celo Mainnet,Gnosis,2024-04-10 03:43:24.000,Merkly
0xffe5a8bc96534697acb6db0cd833bcec2b479703,78.31,7,111,false,BNB Chain,Harmony,2023-05-31 21:15:27.000,Harmony Bridge,Celo Mainnet,Moonbeam,2024-04-10 15:03:42.000,Merkly
0x63cc6ee6e130761815fb6812f66b67ca2a06cab6,69.09,9,107,false,BNB Chain,Harmony,2023-05-31 21:18:36.000,Harmony Bridge,Celo Mainnet,Gnosis,2024-04-02 01:42:51.000,Merkly
0x958d326f2373f5c0ebe92d03309bbbb4a88c5a1a,64.24,11,115,false,BNB Chain,Harmony,2023-05-31 21:25:42.000,Harmony Bridge,Celo Mainnet,Moonbeam,2024-04-10 16:02:23.000,Merkly
0xd4fb43474ee435c32989b82f13941a98ce7183d0,86.27,15,96,false,BNB Chain,Harmony,2023-05-31 21:26:45.000,Harmony Bridge,Celo Mainnet,Gnosis,2024-04-02 14:56:31.000,Merkly
0x5e8bff066291b82594380029c110f310dc3246f3,88.92,14,101,false,BNB Chain,Harmony,2023-05-31 21:27:48.000,Harmony Bridge,Celo Mainnet,Gnosis,2024-04-02 18:42:57.000,Merkly
0xd49009046bd2a14ddcddfb20a423e6cde0689b69,88.24,13,100,false,BNB Chain,Harmony,2023-05-31 21:28:51.000,Harmony Bridge,Celo Mainnet,Gnosis,2024-04-02 01:02:21.000,Merkly
0x08b6ae51b417766c9ce8cce8c0dbef331c0c019a,87.11,10,102,false,BNB Chain,Harmony,2023-05-31 21:29:54.000,Harmony Bridge,Celo Mainnet,Gnosis,2024-04-09 23:31:29.000,Merkly
0x4d07db58a7a7a5c5b0011020c78a1083933fcea9,59.73,5,124,false,BNB Chain,Harmony,2023-05-31 21:30:57.000,Harmony Bridge,Celo Mainnet,Gnosis,2024-04-09 23:57:39.000,Merkly
0xf09e0e67e8e12fb3cdb88ea6a34e082418e9925e,59.98,10,112,false,BNB Chain,Harmony,2023-05-31 21:33:03.000,Harmony Bridge,Celo Mainnet,Moonbeam,2024-04-10 16:49:28.000,Merkly
0xbcfa1fbc96b38caaf1a880289092b028f98abe19,55.66,8,118,false,BNB Chain,Harmony,2023-05-31 21:34:06.000,Harmony Bridge,Celo Mainnet,Moonbeam,2024-04-10 14:16:12.000,Merkly
0x6c4d2ed3c28c668aed3d418d161648185294bef9,54.73,6,117,false,BNB Chain,Harmony,2023-05-31 21:35:24.000,Harmony Bridge,Celo Mainnet,Gnosis,2024-04-09 22:45:34.000,Merkly
0x15335b66e9d4afbf4c8512d21ecb196c9102d89a,89.26,11,108,false,BNB Chain,Harmony,2023-05-31 21:38:25.000,Harmony Bridge,Celo Mainnet,Gnosis,2024-04-10 05:56:04.000,Merkly
0x2488508f2c87c5ac228c66771905fd862e20fb2d,89.51,14,99,false,BNB Chain,Harmony,2023-05-31 21:39:28.000,Harmony Bridge,Celo Mainnet,Gnosis,2024-04-09 23:29:59.000,Merkly
0xf3c9e217299b231e62821fd2853e8a3e2212d447,85.32,9,100,false,BNB Chain,Harmony,2023-05-31 21:42:46.000,Harmony Bridge,Celo Mainnet,Gnosis,2024-04-09 22:32:14.000,Merkly
0x12f5a9af629e554aedef71c53501964a5fd84d4d,86.30,9,107,false,BNB Chain,Harmony,2023-05-31 21:44:58.000,Harmony Bridge,Celo Mainnet,Gnosis,2024-04-10 05:35:49.000,Merkly
0x4e055ddc2d8b7c42f1c5739a07b2b5f4dc0817e2,65.56,7,108,false,BNB Chain,Harmony,2023-05-31 21:47:04.000,Harmony Bridge,Celo Mainnet,Gnosis,2024-04-02 15:25:06.000,Merkly
0x2a21d6f0db99de15aa56cc56c86e56843575cc85,76.42,5,104,false,BNB Chain,Harmony,2023-05-31 21:48:07.000,Harmony Bridge,Celo Mainnet,Moonbeam,2024-04-10 11:13:50.000,Merkly
0x65099abeaf0a307c19e2e380fc184ee140b7cc6d,85.37,12,102,false,BNB Chain,Harmony,2023-05-31 21:49:10.000,Harmony Bridge,Celo Mainnet,Gnosis,2024-04-10 03:34:29.000,Merkly
0xcd4f8fffdc9e2323bdee47dc18fadd3f27d2c39e,86.52,11,97,false,BNB Chain,Harmony,2023-05-31 21:50:13.000,Harmony Bridge,Celo Mainnet,Gnosis,2024-04-02 14:26:16.000,Merkly
0xc41eb51776d1ff55a37e5a2c01267ade858c72e6,65.00,5,111,false,BNB Chain,Harmony,2023-05-31 21:51:16.000,Harmony Bridge,Celo Mainnet,Moonbeam,2024-04-10 13:41:17.000,Merkly
0x1364ef9a73f072bea31dc1f91e390c3a61e18c70,69.36,8,111,false,BNB Chain,Harmony,2023-05-31 21:52:19.000,Harmony Bridge,Celo Mainnet,Moonbeam,2024-04-10 15:18:42.000,Merkly
0xaaa94859b76f0bafb22a66d9c53731301cc57220,69.98,11,114,false,BNB Chain,Harmony,2023-05-31 21:54:26.000,Harmony Bridge,Celo Mainnet,Moonbeam,2024-04-10 12:43:36.000,Merkly
0xae76de52589ee9be2a48e50a1fcb81fedb588b65,68.82,8,110,false,BNB Chain,Harmony,2023-05-31 21:55:14.000,Harmony Bridge,Celo Mainnet,Gnosis,2024-04-10 01:14:54.000,Merkly
0x22df8160d8267ebf2a932e126d70c06804cff335,69.12,11,117,false,BNB Chain,Harmony,2023-05-31 21:57:22.000,Harmony Bridge,Celo Mainnet,Gnosis,2024-04-10 04:59:19.000,Merkly
0x3f132d31c3b2af1de5d0dfd357eea5bb224b9e96,76.57,8,106,false,BNB Chain,Harmony,2023-05-31 21:58:25.000,Harmony Bridge,Celo Mainnet,Gnosis,2024-04-10 06:19:14.000,Merkly
0xd3a06efb34aa87fec55c59a0603c050d612d3b55,86.81,15,104,false,BNB Chain,Harmony,2023-05-31 22:00:31.000,Harmony Bridge,Celo Mainnet,Gnosis,2024-04-10 03:46:34.000,Merkly
0x4f744fa0f5029f2250b432cbc89462834c525ada,69.56,11,95,false,BNB Chain,Harmony,2023-05-31 22:01:34.000,Harmony Bridge,Celo Mainnet,Gnosis,2024-04-02 21:44:17.000,Merkly
0xe6f4254bd2878f384ceec965e0f8908d7a791f61,85.69,10,106,false,BNB Chain,Harmony,2023-05-31 22:02:37.000,Harmony Bridge,Celo Mainnet,Gnosis,2024-04-10 06:13:24.000,Merkly
0x17d3d4f182591f3830b51ff5fdc036499a171272,76.59,8,107,false,BNB Chain,Harmony,2023-05-31 22:03:40.000,Harmony Bridge,Celo Mainnet,Moonbeam,2024-04-10 15:17:02.000,Merkly
0x1de8fe1e26c27b3436bdb0651fadd6993ca9b938,57.35,6,114,false,BNB Chain,Harmony,2023-05-31 22:04:43.000,Harmony Bridge,Celo Mainnet,Moonbeam,2024-04-10 11:10:20.000,Merkly
0xb1b58491dfcf78e0f613697f6cabe5fbebf70c13,57.13,11,91,false,BNB Chain,Harmony,2023-05-31 22:06:49.000,Harmony Bridge,Celo Mainnet,Gnosis,2024-04-10 03:54:29.000,Merkly
0xcca8c56b7afe112450ebe3e5b7246c6dc7badc15,88.36,13,101,false,BNB Chain,Harmony,2023-05-31 22:07:52.000,Harmony Bridge,Celo Mainnet,Gnosis,2024-04-09 23:56:39.000,Merkly
0x81f04f9f34e220812097fcb9f77edfb7ae26d313,65.20,5,117,false,BNB Chain,Harmony,2023-05-31 22:08:55.000,Harmony Bridge,Celo Mainnet,Gnosis,2024-04-02 20:11:27.000,Merkly
0xf6fbda64bb87baec2bc42332701082338e9eab88,84.00,6,104,false,BNB Chain,Harmony,2023-05-31 22:09:58.000,Harmony Bridge,Celo Mainnet,Gnosis,2024-04-02 02:31:31.000,Merkly
0x27d65c260802b019b03592b4b3392874f4200230,71.50,8,97,false,BNB Chain,Harmony,2023-05-31 22:11:01.000,Harmony Bridge,Celo Mainnet,Gnosis,2024-04-10 01:24:29.000,Merkly
0x52d3a52681abdc5b5e21b0788584bb4da5526e37,69.41,8,112,false,BNB Chain,Harmony,2023-05-31 22:12:04.000,Harmony Bridge,Celo Mainnet,Moonbeam,2024-04-10 14:14:07.000,Merkly
0xeb7ce53c7fd103f50e6778b87c333633553d3a7b,87.45,9,104,false,BNB Chain,Harmony,2023-05-31 22:13:07.000,Harmony Bridge,Celo Mainnet,Gnosis,2024-04-10 02:08:04.000,Merkly
0x1afe970074344f8e9a056bc596fddba7d491600f,70.15,6,111,false,BNB Chain,Harmony,2023-05-31 22:14:22.000,Harmony Bridge,Celo Mainnet,Gnosis,2024-04-10 03:54:59.000,Merkly
0xbfb6edf7dbbe469cdc485c6f805784278b85c861,69.63,9,114,false,BNB Chain,Harmony,2023-05-31 22:15:25.000,Harmony Bridge,Celo Mainnet,Gnosis,2024-04-10 05:42:04.000,Merkly
0x113029eaf63218acc0db0916ca198744960a349a,86.40,10,104,false,BNB Chain,Harmony,2023-05-31 22:16:16.000,Harmony Bridge,Celo Mainnet,Moonbeam,2024-04-10 12:30:56.000,Merkly
0x2ba5bcdd9eadb8f61226690161a775c14dcf4cf6,82.55,7,105,false,BNB Chain,Harmony,2023-05-31 22:17:19.000,Harmony Bridge,Celo Mainnet,Moonbeam,2024-04-10 11:17:01.000,Merkly
0xad095101c7594f84b4ccdab94801843294733b33,89.44,15,100,false,BNB Chain,Harmony,2023-05-31 22:20:28.000,Harmony Bridge,Celo Mainnet,Gnosis,2024-04-10 02:33:39.000,Merkly
0xe8e3b35fc11b8e0277e68cc9b649749bca3cf771,84.93,15,106,false,BNB Chain,Harmony,2023-05-31 22:21:31.000,Harmony Bridge,Celo Mainnet,Gnosis,2024-04-10 10:27:50.000,Merkly
0x51f720a059907a412beae4f8d45b759665cd63f3,86.27,17,96,false,BNB Chain,Harmony,2023-05-31 22:22:34.000,Harmony Bridge,Celo Mainnet,Gnosis,2024-04-09 23:15:14.000,Merkly
0x061a1e4ad5928b3388e59f7478db00f9bfd8eae4,82.60,10,97,false,BNB Chain,Harmony,2023-05-31 22:23:37.000,Harmony Bridge,Celo Mainnet,Gnosis,2024-04-02 12:16:11.000,Merkly
0xc41ab6343a178aea928a2fc8eb4bc93e9937c154,71.91,9,106,false,BNB Chain,Harmony,2023-05-31 22:26:40.000,Harmony Bridge,Celo Mainnet,Gnosis,2024-04-10 03:32:09.000,Merkly
0xd70a96b8d668c439a0ab7c783489f15a7841d0fc,61.57,12,109,false,BNB Chain,Harmony,2023-05-31 22:27:43.000,Harmony Bridge,Celo Mainnet,Gnosis,2024-04-10 01:35:24.000,Merkly
0xa36d84f9c622a7ad96e001be1c14155291132a34,62.55,12,112,false,BNB Chain,Harmony,2023-05-31 22:28:46.000,Harmony Bridge,Celo Mainnet,Gnosis,2024-04-10 02:23:54.000,Merkly
0x46f938e08a20fc80b7166b7a256c03ed0c23f3f2,85.78,6,102,false,BNB Chain,Harmony,2023-05-31 22:29:50.000,Harmony Bridge,Celo Mainnet,Gnosis,2024-04-10 01:38:54.000,Merkly
0x3aff57527dbe24da95b3edd3d44d45b509abf57c,60.27,5,111,false,BNB Chain,Harmony,2023-05-31 22:31:56.000,Harmony Bridge,Celo Mainnet,Gnosis,2024-04-02 16:47:26.000,Merkly
0xc86dddc68e2aeea4f69c985273fcb868e7f76f28,54.49,16,121,false,BNB Chain,Harmony,2023-05-31 22:32:59.000,Harmony Bridge,Celo Mainnet,Gnosis,2024-04-10 00:39:59.000,Merkly
0xe419508c2c3436915c1c96295d2ee5f3ac5e31c2,53.16,7,121,false,BNB Chain,Harmony,2023-05-31 22:34:02.000,Harmony Bridge,Celo Mainnet,Gnosis,2024-04-10 03:14:39.000,Merkly
0xe09d2f28ad40572ff2a157a800c5e03624b86f6a,65.88,10,111,false,BNB Chain,Harmony,2023-05-31 22:36:32.000,Harmony Bridge,Celo Mainnet,Gnosis,2024-04-10 06:26:54.000,Merkly
0x7f99c090e92f6482a538ddbbb42d3664685bc4f4,68.53,6,114,false,BNB Chain,Harmony,2023-05-31 22:37:35.000,Harmony Bridge,Celo Mainnet,Moonbeam,2024-04-10 13:46:22.000,Merkly
0xf4a205ffe76c783d17c85351a546c297e6ce8ec1,60.74,10,120,false,BNB Chain,Harmony,2023-05-31 22:38:38.000,Harmony Bridge,Celo Mainnet,Gnosis,2024-04-10 01:12:49.000,Merkly
0x4a92b781d51f0f9701e71bde1bcfc426357cf8dc,86.54,10,95,false,BNB Chain,Harmony,2023-05-31 22:40:44.000,Harmony Bridge,Celo Mainnet,Gnosis,2024-04-02 19:24:02.000,Merkly
0xb8b39435ba30b06e423fc0f1c4ef20ba546c0c88,73.16,8,112,false,BNB Chain,Harmony,2023-05-31 22:41:47.000,Harmony Bridge,Celo Mainnet,Gnosis,2024-04-10 01:58:19.000,Merkly
0x1a4c0754bfeb299c646114121ce1109aa6114248,86.32,12,94,false,BNB Chain,Harmony,2023-05-31 22:43:44.000,Harmony Bridge,Celo Mainnet,Gnosis,2024-04-02 18:40:57.000,Merkly
0x2f1417417cf5bcab9a2fc4fb5f30ffdcda5fce72,87.62,10,97,false,BNB Chain,Harmony,2023-05-31 22:46:53.000,Harmony Bridge,Celo Mainnet,Gnosis,2024-04-02 18:31:27.000,Merkly
0xf9a9ae59257126242b9cd414d4f92a91fe482fd8,75.51,8,107,false,BNB Chain,Harmony,2023-05-31 22:50:02.000,Harmony Bridge,Celo Mainnet,Gnosis,2024-04-10 04:54:19.000,Merkly
0xbdcbf14729d98bcdac9e30aa71a41894f2e658c0,84.90,10,103,false,BNB Chain,Harmony,2023-05-31 22:52:08.000,Harmony Bridge,Celo Mainnet,Gnosis,2024-04-10 00:07:34.000,Merkly
0x38a712a20da306025d2aaadc037a1033264a0d5e,83.09,6,105,false,BNB Chain,Harmony,2023-05-31 22:53:11.000,Harmony Bridge,Celo Mainnet,Gnosis,2024-04-10 10:42:00.000,Merkly
0x0150e002b38ead7acf58caf85e9305edd1d4e1cf,60.86,9,111,false,BNB Chain,Harmony,2023-05-31 22:54:20.000,Harmony Bridge,Celo Mainnet,Gnosis,2024-04-02 15:05:01.000,Merkly
0x1dce9cbbbaa8c6582c2c59500f2443cdc057a84d,56.67,12,84,false,BNB Chain,Harmony,2023-05-31 22:55:08.000,Harmony Bridge,Celo Mainnet,Gnosis,2024-04-02 18:13:42.000,Merkly
0x86f090f6ecfa32651e6fcfe44a27524a54498bce,86.79,11,106,false,BNB Chain,Harmony,2023-05-31 22:57:29.000,Harmony Bridge,Celo Mainnet,Gnosis,2024-04-10 00:01:19.000,Merkly
0x9054b13b40ba62114ee457b3364cfcc6532fc776,84.14,18,107,false,BNB Chain,Harmony,2023-05-31 22:59:35.000,Harmony Bridge,Celo Mainnet,Gnosis,2024-04-10 00:51:59.000,Merkly
0x1bfa31b4627fcf752d1d4dbd86c4ebf1b130eec4,69.34,8,114,false,BNB Chain,Harmony,2023-05-31 23:01:41.000,Harmony Bridge,Celo Mainnet,Gnosis,2024-04-09 23:42:34.000,Merkly
0xb2668721c5511339ef134f6438e74e3a575a56fb,86.67,11,98,false,BNB Chain,Harmony,2023-05-31 23:02:44.000,Harmony Bridge,Celo Mainnet,Gnosis,2024-04-10 03:26:54.000,Merkly
0xa3f856d4b75718494fe58c8b63dc6ac1c7efc3db,87.97,15,103,false,BNB Chain,Harmony,2023-05-31 23:03:50.000,Harmony Bridge,Celo Mainnet,Gnosis,2024-04-02 14:57:06.000,Merkly
0x88135a0687e22599bc01164103529e1f00faa5ab,84.51,11,98,false,BNB Chain,Harmony,2023-05-31 23:04:50.000,Harmony Bridge,Celo Mainnet,Moonbeam,2024-04-10 15:24:47.000,Merkly
0xfea9ab9984330f1218b869a571c53556b2294ca1,68.16,9,93,false,BNB Chain,Harmony,2023-05-31 23:05:53.000,Harmony Bridge,Celo Mainnet,Moonbeam,2024-04-10 11:40:01.000,Merkly
0xb608374fe222af7c0b52f811c7e2aba68a7ef34c,60.22,9,111,false,BNB Chain,Harmony,2023-05-31 23:07:59.000,Harmony Bridge,Celo Mainnet,Moonbeam,2024-04-10 14:36:52.000,Merkly
0xb516c10e6488bda25f8cc2008d4f0cc487d54431,84.53,7,105,false,BNB Chain,Harmony,2023-05-31 23:14:14.000,Harmony Bridge,Celo Mainnet,Gnosis,2024-04-10 00:18:49.000,Merkly
0xdcce5342f9208daa68acdfb81989812ba07369a0,63.46,9,92,false,BNB Chain,Harmony,2023-05-31 23:16:20.000,Harmony Bridge,Celo Mainnet,Moonbeam,2024-04-10 14:19:47.000,Merkly
0xe3d8ca72ea823f5785095f5bb221072cfa240e49,58.55,8,123,false,BNB Chain,Harmony,2023-05-31 23:17:23.000,Harmony Bridge,Celo Mainnet,Gnosis,2024-04-10 02:50:14.000,Merkly
0x434c8b0cb46fcdf17408da6a04e41a55ddb28c1a,87.48,10,104,false,BNB Chain,Harmony,2023-05-31 23:18:26.000,Harmony Bridge,Celo Mainnet,Moonbeam,2024-04-10 12:17:26.000,Merkly
0x0d6e6ea4562f3bd3e21827c39817a9f93977bae7,85.83,7,102,false,BNB Chain,Harmony,2023-05-31 23:21:35.000,Harmony Bridge,Celo Mainnet,Moonbeam,2024-04-10 12:17:56.000,Merkly
0x9239da535d8fe4891dd4b3ce51b7adb9252439c9,64.98,10,113,false,BNB Chain,Harmony,2023-05-31 23:22:38.000,Harmony Bridge,Celo Mainnet,Gnosis,2024-04-02 17:18:47.000,Merkly
0x5b722cf8ed871cc7ca1663932360c195db022ecb,62.11,12,109,false,BNB Chain,Harmony,2023-05-31 23:24:29.000,Harmony Bridge,Celo Mainnet,Moonbeam,2024-04-10 16:28:28.000,Merkly
0xd914ee908df7d1e0f283a26e321268caaa14c46f,85.76,11,105,false,BNB Chain,Harmony,2023-05-31 23:25:32.000,Harmony Bridge,Celo Mainnet,Gnosis,2024-04-09 22:12:39.000,Merkly